{"count":1,"self":380.07070719999996,"total":3135.6930947,"children":{"InitializeActuators":{"count":162,"self":0.0050114999999999995,"total":0.0050114999999999995,"children":null},"InitializeSensors":{"count":162,"self":0.0020009,"total":0.0020009,"children":null},"AgentSendState":{"count":185551,"self":489.391104,"total":554.9475699,"children":{"CollectObservations":{"count":6011982,"self":1.9086603999999998,"total":1.9086603,"children":null},"WriteActionMask":{"count":6011982,"self":0.92585359999999994,"total":0.92585359999999994,"children":null},"RequestDecision":{"count":6011982,"self":4.7737631999999994,"total":62.7219704,"children":{"AgentInfo.ToProto":{"count":6011982,"self":3.2815399999999997,"total":57.948207399999994,"children":{"GenerateSensorData":{"count":6011982,"self":36.3859296,"total":54.666667399999994,"children":{"RayPerceptionSensor.Perceive":{"count":6011982,"self":18.2807392,"total":18.280739099999998,"children":null}}}}}}}}},"DecideAction":{"count":185551,"self":2164.38784,"total":2164.3877677,"children":null},"AgentAct":{"count":185551,"self":35.503619199999996,"total":35.5036177,"children":null},"AgentInfo.ToProto":{"count":56181,"self":0.0772583,"total":0.77642289999999992,"children":{"GenerateSensorData":{"count":56181,"self":0.50455759999999994,"total":0.69916459999999991,"children":{"RayPerceptionSensor.Perceive":{"count":56181,"self":0.194607,"total":0.194607,"children":null}}}}}},"gauges":{"Preyanimal.CumulativeReward":{"count":18727,"max":90,"min":-20,"runningAverage":2.0700047,"value":15,"weightedAverage":3.215911},"Alphahunteranimal.CumulativeReward":{"count":18727,"max":382,"min":-20,"runningAverage":8.417162,"value":6,"weightedAverage":5.16873455},"Hunteranimal.CumulativeReward":{"count":18727,"max":335,"min":-20,"runningAverage":3.72270465,"value":3,"weightedAverage":5.928514}},"metadata":{"timer_format_version":"0.1.0","start_time_seconds":"1717096903","unity_version":"2021.3.16f1","command_line_arguments":"C:\\Program Files\\Unity\\Hub\\Editor\\2021.3.16f1\\Editor\\Unity.exe -projectpath C:\\Users\\PC\\ceng-407-408-2023-2024-EcoSculptor\\EcoSculptor -useHub -hubIPC -cloudEnvironment production -licensingIpc LicenseClient-emre -hubSessionId 1fa0791c-09ca-4619-96ac-af7432360ad3 -accessToken eSmX9Tgx_-aZYIOYoQVaSaRJ1-jdV5eTlZHI9aI4_Rs011f","communication_protocol_version":"1.5.0","com.unity.ml-agents_version":"2.0.1","scene_name":"Ege 2","end_time_seconds":"1717100038"}}