{"count":1,"self":25.145208,"total":25.4000327,"children":{"InitializeActuators":{"count":1,"self":0.0009984,"total":0.0009984,"children":null},"InitializeSensors":{"count":1,"self":0.0011482999999999999,"total":0.0011482999999999999,"children":null},"AgentSendState":{"count":1073,"self":0.0291177,"total":0.0376484,"children":{"CollectObservations":{"count":215,"self":0.0010012999999999999,"total":0.0010012999999999999,"children":null},"WriteActionMask":{"count":215,"self":0,"total":0,"children":null},"RequestDecision":{"count":215,"self":0.0075293999999999995,"total":0.0075293999999999995,"children":null}}},"DecideAction":{"count":1073,"self":0.20307909999999998,"total":0.2040265,"children":{"RayPerceptionSensor.Perceive":{"count":215,"self":0.00094739999999999993,"total":0.00094739999999999993,"children":null}}},"AgentAct":{"count":1073,"self":0.011002999999999999,"total":0.011002999999999999,"children":null}},"gauges":{},"metadata":{"timer_format_version":"0.1.0","start_time_seconds":"1717447273","unity_version":"2021.3.16f1","command_line_arguments":"C:\\Program Files\\Unity\\Hub\\Editor\\2021.3.16f1\\Editor\\Unity.exe -projectpath C:\\Users\\dogae\\Documents\\GitHub\\ceng-407-408-2023-2024-EcoSculptor\\EcoSculptor -useHub -hubIPC -cloudEnvironment production -licensingIpc LicenseClient-dogae -hubSessionId 53321ae1-c21f-427b-896a-203236d7f58b -accessToken xPSGgb_8DtqOFngAy5LIsZAUmfUQHW4i4xOZood0eQw011f","communication_protocol_version":"1.5.0","com.unity.ml-agents_version":"2.0.1","scene_name":"Main Scene","end_time_seconds":"1717447299"}}