{"count":1,"self":291.3028096,"total":297.3104337,"children":{"InitializeActuators":{"count":15,"self":0.0019949,"total":0.0019949,"children":null},"InitializeSensors":{"count":15,"self":0.0039895999999999994,"total":0.0039895999999999994,"children":null},"AgentSendState":{"count":14668,"self":2.5749036,"total":2.6644028,"children":{"CollectObservations":{"count":17942,"self":0.0301423,"total":0.0301423,"children":null},"WriteActionMask":{"count":17942,"self":0.012525399999999999,"total":0.012525399999999999,"children":null},"RequestDecision":{"count":17942,"self":0.046831399999999995,"total":0.046831399999999995,"children":null}}},"DecideAction":{"count":14668,"self":2.78119,"total":2.8894498,"children":{"RayPerceptionSensor.Perceive":{"count":17942,"self":0.10825979999999999,"total":0.10825979999999999,"children":null}}},"AgentAct":{"count":14668,"self":0.44680319999999996,"total":0.44680319999999996,"children":null}},"gauges":{},"metadata":{"timer_format_version":"0.1.0","start_time_seconds":"1717445031","unity_version":"2021.3.16f1","command_line_arguments":"C:\\Program Files\\Unity\\Hub\\Editor\\2021.3.16f1\\Editor\\Unity.exe -projectpath C:\\Users\\egeoz\\ceng-407-408-2023-2024-EcoSculptor\\EcoSculptor -useHub -hubIPC -cloudEnvironment production -licensingIpc LicenseClient-MrPolarcat -hubSessionId 63307c9d-16dd-4cf4-bc8c-bf701e324a3e -accessToken 5gRphMGeRccNSWM8Hn3TmsdaJ5lAKDOSXFt2nRs5LVs011f","communication_protocol_version":"1.5.0","com.unity.ml-agents_version":"2.0.1","scene_name":"Main Scene","end_time_seconds":"1717445329"}}