{
    "name": "root",
    "gauges": {
        "HunterAnimal.Policy.Entropy.mean": {
            "value": 1.3712493181228638,
            "min": 1.3712493181228638,
            "max": 1.4235880374908447,
            "count": 19
        },
        "HunterAnimal.Policy.Entropy.sum": {
            "value": 68555.609375,
            "min": 68555.609375,
            "max": 75683.546875,
            "count": 19
        },
        "HunterAnimal.Environment.EpisodeLength.mean": {
            "value": 43.47391688770999,
            "min": 38.29944400317712,
            "max": 226.68627450980392,
            "count": 19
        },
        "HunterAnimal.Environment.EpisodeLength.sum": {
            "value": 49169.0,
            "min": 46244.0,
            "max": 51803.0,
            "count": 19
        },
        "HunterAnimal.Step.mean": {
            "value": 949997.0,
            "min": 49776.0,
            "max": 949997.0,
            "count": 19
        },
        "HunterAnimal.Step.sum": {
            "value": 949997.0,
            "min": 49776.0,
            "max": 949997.0,
            "count": 19
        },
        "HunterAnimal.Policy.ExtrinsicValueEstimate.mean": {
            "value": 1.3513433933258057,
            "min": -0.14555954933166504,
            "max": 1.6022144556045532,
            "count": 19
        },
        "HunterAnimal.Policy.ExtrinsicValueEstimate.sum": {
            "value": 1539.18017578125,
            "min": -44.541221618652344,
            "max": 2012.38134765625,
            "count": 19
        },
        "HunterAnimal.Environment.CumulativeReward.mean": {
            "value": 5.469026548672566,
            "min": -6.78921568627451,
            "max": 6.351132686084142,
            "count": 19
        },
        "HunterAnimal.Environment.CumulativeReward.sum": {
            "value": 6180.0,
            "min": -1385.0,
            "max": 7490.0,
            "count": 19
        },
        "HunterAnimal.Policy.ExtrinsicReward.mean": {
            "value": 5.469026548672566,
            "min": -6.78921568627451,
            "max": 6.351132686084142,
            "count": 19
        },
        "HunterAnimal.Policy.ExtrinsicReward.sum": {
            "value": 6180.0,
            "min": -1385.0,
            "max": 7490.0,
            "count": 19
        },
        "HunterAnimal.Losses.PolicyLoss.mean": {
            "value": 0.027180662969670567,
            "min": 0.021258537279015097,
            "max": 0.027180662969670567,
            "count": 19
        },
        "HunterAnimal.Losses.PolicyLoss.sum": {
            "value": 0.13590331484835283,
            "min": 0.08622773188872088,
            "max": 0.13590331484835283,
            "count": 19
        },
        "HunterAnimal.Losses.ValueLoss.mean": {
            "value": 2.9832422812779744,
            "min": 1.2096439584096275,
            "max": 3.2167971674601232,
            "count": 19
        },
        "HunterAnimal.Losses.ValueLoss.sum": {
            "value": 14.916211406389872,
            "min": 6.048219792048137,
            "max": 16.083985837300617,
            "count": 19
        },
        "HunterAnimal.Policy.LearningRate.mean": {
            "value": 0.0001610799463067,
            "min": 0.0001610799463067,
            "max": 0.0002960859013047,
            "count": 19
        },
        "HunterAnimal.Policy.LearningRate.sum": {
            "value": 0.0008053997315334999,
            "min": 0.0007647182950939499,
            "max": 0.00144532336822555,
            "count": 19
        },
        "HunterAnimal.Policy.Epsilon.mean": {
            "value": 0.15369329999999998,
            "min": 0.15369329999999998,
            "max": 0.19869530000000002,
            "count": 19
        },
        "HunterAnimal.Policy.Epsilon.sum": {
            "value": 0.7684664999999999,
            "min": 0.65490605,
            "max": 0.98177445,
            "count": 19
        },
        "HunterAnimal.Policy.Beta.mean": {
            "value": 0.0026892956700000016,
            "min": 0.0026892956700000016,
            "max": 0.004934895470000001,
            "count": 19
        },
        "HunterAnimal.Policy.Beta.sum": {
            "value": 0.013446478350000008,
            "min": 0.012759811895,
            "max": 0.024090545055000002,
            "count": 19
        },
        "HunterAnimal.IsTraining.mean": {
            "value": 1.0,
            "min": 1.0,
            "max": 1.0,
            "count": 19
        },
        "HunterAnimal.IsTraining.sum": {
            "value": 1.0,
            "min": 1.0,
            "max": 1.0,
            "count": 19
        },
        "Newanimal.Policy.Entropy.mean": {
            "value": 1.2773022651672363,
            "min": 1.2773022651672363,
            "max": 1.4206024408340454,
            "count": 19
        },
        "Newanimal.Policy.Entropy.sum": {
            "value": 63858.7265625,
            "min": 63858.7265625,
            "max": 75738.2265625,
            "count": 19
        },
        "Newanimal.Environment.EpisodeLength.mean": {
            "value": 43.47391688770999,
            "min": 38.29944400317712,
            "max": 226.68627450980392,
            "count": 19
        },
        "Newanimal.Environment.EpisodeLength.sum": {
            "value": 49169.0,
            "min": 46244.0,
            "max": 51803.0,
            "count": 19
        },
        "Newanimal.Step.mean": {
            "value": 949997.0,
            "min": 49776.0,
            "max": 949997.0,
            "count": 19
        },
        "Newanimal.Step.sum": {
            "value": 949997.0,
            "min": 49776.0,
            "max": 949997.0,
            "count": 19
        },
        "Newanimal.Policy.ExtrinsicValueEstimate.mean": {
            "value": 0.413857102394104,
            "min": -0.576070249080658,
            "max": 0.413857102394104,
            "count": 19
        },
        "Newanimal.Policy.ExtrinsicValueEstimate.sum": {
            "value": 471.38323974609375,
            "min": -259.80767822265625,
            "max": 471.38323974609375,
            "count": 19
        },
        "Newanimal.Environment.CumulativeReward.mean": {
            "value": 5.9964601769911505,
            "min": -8.156862745098039,
            "max": 5.9964601769911505,
            "count": 19
        },
        "Newanimal.Environment.CumulativeReward.sum": {
            "value": 6776.0,
            "min": -1664.0,
            "max": 6776.0,
            "count": 19
        },
        "Newanimal.Policy.ExtrinsicReward.mean": {
            "value": 5.9964601769911505,
            "min": -8.156862745098039,
            "max": 5.9964601769911505,
            "count": 19
        },
        "Newanimal.Policy.ExtrinsicReward.sum": {
            "value": 6776.0,
            "min": -1664.0,
            "max": 6776.0,
            "count": 19
        },
        "Newanimal.Losses.PolicyLoss.mean": {
            "value": 0.023883124331575044,
            "min": 0.02072925882219958,
            "max": 0.028031032453873193,
            "count": 19
        },
        "Newanimal.Losses.PolicyLoss.sum": {
            "value": 0.11941562165787521,
            "min": 0.08577680615975017,
            "max": 0.13677288597100415,
            "count": 19
        },
        "Newanimal.Losses.ValueLoss.mean": {
            "value": 12.965577691396074,
            "min": 3.038047656416893,
            "max": 14.032772630055746,
            "count": 19
        },
        "Newanimal.Losses.ValueLoss.sum": {
            "value": 64.82788845698038,
            "min": 12.152190625667572,
            "max": 70.16386315027873,
            "count": 19
        },
        "Newanimal.Policy.LearningRate.mean": {
            "value": 0.0001610799463067,
            "min": 0.0001610799463067,
            "max": 0.0002960859013047,
            "count": 19
        },
        "Newanimal.Policy.LearningRate.sum": {
            "value": 0.0008053997315334999,